{"type": "metrics", "dataset": "train", "precision": 0.7271573604060914, "balanced_accuracy": 0.6620317029942369, "recall": 0.3638095238095238, "f1_score": 0.48497672450275076}
{"type": "metrics", "dataset": "test", "precision": 0.5956848030018762, "balanced_accuracy": 0.6361112466914884, "recall": 0.33315844700944386, "f1_score": 0.42732166890982504}
{"type": "cm_matrix", "dataset": "train", "true_0": {"predicted_0": 15583, "predicted_1": 645}, "true_1": {"predicted_0": 3006, "predicted_1": 1719}}
{"type": "cm_matrix", "dataset": "test", "true_0": {"predicted_0": 6642, "predicted_1": 431}, "true_1": {"predicted_0": 1271, "predicted_1": 635}}
