{"type": "metrics", "dataset": "train", "precision": 0.5198036560595802, "balanced_accuracy": 0.7375628967112822, "recall": 0.6499470899470899, "f1_score": 0.5776356625599549}
{"type": "metrics", "dataset": "test", "precision": 0.4543593941874744, "balanced_accuracy": 0.6969541443756455, "recall": 0.5823714585519413, "f1_score": 0.5104621752126925}
{"type": "cm_matrix", "dataset": "train", "true_0": {"predicted_0": 13391, "predicted_1": 2837}, "true_1": {"predicted_0": 1654, "predicted_1": 3071}}
{"type": "cm_matrix", "dataset": "test", "true_0": {"predicted_0": 5740, "predicted_1": 1333}, "true_1": {"predicted_0": 796, "predicted_1": 1110}}
